{"assets/image/background.png":["assets/image/background.png"],"assets/image/icon.png":["assets/image/icon.png"],"assets/image/title.png":["assets/image/title.png"],"assets/sound/correct.mp3":["assets/sound/correct.mp3"],"assets/sound/select.mp3":["assets/sound/select.mp3"],"assets/sound/wrong.mp3":["assets/sound/wrong.mp3"],"packages/cupertino_icons/assets/CupertinoIcons.ttf":["packages/cupertino_icons/assets/CupertinoIcons.ttf"],"packages/fluttertoast/assets/toastify.css":["packages/fluttertoast/assets/toastify.css"],"packages/fluttertoast/assets/toastify.js":["packages/fluttertoast/assets/toastify.js"]}